elapsed_seconds,percent_known,percent_free,percent_occupied,free_cells,occupied_cells,unknown_cells,total_cells
0.0,38.12,36.47,1.64,10134,457,17193,27784
0.0,38.12,36.49,1.63,10137,454,17193,27784
0.1,38.12,36.48,1.64,10135,456,17193,27784
0.2,38.12,36.47,1.64,10134,457,17193,27784
0.3,38.12,36.48,1.64,10135,456,17193,27784
0.5,38.12,36.47,1.64,10134,457,17193,27784
0.6,38.12,36.48,1.64,10135,456,17193,27784
0.7,38.12,36.49,1.63,10137,454,17193,27784
0.8,38.12,36.47,1.64,10134,457,17193,27784
0.9,38.12,36.48,1.64,10135,456,17193,27784
1.0,38.12,36.49,1.63,10138,453,17193,27784
1.2,38.12,36.47,1.64,10134,457,17193,27784
1.3,38.12,36.48,1.64,10135,456,17193,27784
1.4,38.12,36.48,1.64,10135,457,17192,27784
1.5,38.12,36.47,1.66,10132,460,17192,27784
1.7,38.12,36.47,1.66,10132,460,17192,27784
1.8,38.12,36.47,1.65,10134,458,17192,27784
1.9,38.49,36.73,1.76,10205,488,17091,27784
2.0,38.20,36.44,1.77,10234,496,17356,28086
2.1,37.97,36.16,1.81,10223,512,17537,28272
2.3,38.43,36.52,1.91,10326,539,17407,28272
2.4,38.51,36.58,1.93,10343,545,17384,28272
2.5,38.90,36.92,1.99,10493,565,17366,28424
2.7,39.03,36.79,2.24,10640,647,17630,28917
2.8,39.55,37.31,2.24,10788,649,17480,28917
2.9,40.85,38.11,2.74,11093,797,17216,29106
3.0,40.87,38.13,2.75,11097,799,17210,29106
3.1,40.94,38.19,2.75,11116,800,17190,29106
3.2,41.16,38.35,2.81,11162,817,17127,29106
3.4,42.43,39.23,3.21,11418,933,16755,29106
3.5,42.55,39.16,3.39,11398,986,16722,29106
3.7,42.61,39.05,3.56,11367,1036,16703,29106
3.9,42.62,38.72,3.90,11416,1149,16919,29484
3.9,43.00,39.00,4.00,11572,1186,16915,29673
4.1,42.39,38.43,3.95,11585,1192,17367,30144
4.2,42.60,38.39,4.21,11571,1269,17304,30144
4.3,42.61,38.45,4.16,11589,1254,17301,30144
4.4,42.61,38.46,4.15,11593,1252,17299,30144
4.5,42.62,38.46,4.16,11594,1253,17297,30144
4.6,42.62,38.48,4.14,11598,1249,17297,30144
4.8,42.62,38.47,4.15,11597,1250,17297,30144
4.9,42.62,38.48,4.14,11600,1247,17297,30144
5.0,42.62,38.58,4.04,11629,1218,17297,30144
5.1,42.62,38.60,4.02,11637,1211,17296,30144
5.2,42.63,38.50,4.12,11606,1243,17295,30144
5.3,42.64,38.49,4.15,11602,1250,17292,30144
5.5,42.65,38.45,4.19,11591,1264,17289,30144
5.6,42.77,38.58,4.19,11629,1264,17251,30144
5.7,42.77,38.58,4.19,11629,1264,17251,30144
5.8,42.79,38.59,4.20,11633,1266,17245,30144
6.0,42.79,38.58,4.21,11631,1268,17245,30144
6.1,42.79,38.58,4.21,11630,1269,17245,30144
6.2,42.79,38.56,4.23,11624,1275,17245,30144
6.3,42.79,38.54,4.25,11619,1280,17245,30144
6.4,42.79,38.55,4.24,11621,1278,17245,30144
6.5,42.79,38.54,4.25,11617,1282,17245,30144
6.6,42.79,38.55,4.24,11621,1279,17244,30144
6.8,42.79,38.58,4.22,11629,1271,17244,30144
6.9,42.84,38.59,4.24,11634,1279,17231,30144
7.0,42.84,38.59,4.24,11634,1279,17231,30144
7.1,42.84,38.60,4.24,11635,1278,17231,30144
7.3,42.84,38.61,4.22,11640,1273,17231,30144
7.4,42.84,38.61,4.23,11639,1274,17231,30144
7.5,42.84,38.58,4.26,11630,1285,17229,30144
7.6,42.86,38.59,4.27,11633,1288,17223,30144
7.8,42.86,38.59,4.27,11633,1288,17223,30144
7.9,42.87,38.60,4.27,11636,1287,17221,30144
8.0,42.48,38.24,4.24,11648,1290,17520,30458
8.1,42.60,38.25,4.35,11650,1326,17482,30458
8.3,42.38,38.07,4.31,11715,1325,17732,30772
8.4,42.40,38.10,4.30,11724,1322,17726,30772
8.5,42.19,37.93,4.26,11731,1318,17880,30929
8.6,42.23,37.96,4.27,11741,1320,17868,30929
8.8,42.32,38.06,4.26,11771,1317,17841,30929
8.9,42.32,38.05,4.27,11768,1320,17841,30929
9.0,42.32,38.03,4.28,11763,1325,17841,30929
9.1,42.32,38.01,4.31,11755,1333,17841,30929
9.3,42.32,38.01,4.31,11756,1332,17841,30929
9.4,42.32,38.01,4.31,11755,1333,17841,30929
9.5,42.32,38.00,4.32,11752,1336,17841,30929
9.6,42.32,37.98,4.34,11746,1342,17841,30929
9.8,42.32,37.99,4.33,11749,1339,17841,30929
9.9,42.32,38.00,4.32,11753,1335,17841,30929
10.0,42.32,37.99,4.32,11751,1337,17841,30929
10.1,42.32,38.00,4.32,11752,1336,17841,30929
10.2,42.32,38.00,4.32,11752,1336,17841,30929
10.4,42.32,38.02,4.30,11758,1330,17841,30929
10.5,42.32,38.00,4.32,11754,1335,17840,30929
10.6,42.36,38.03,4.32,11763,1337,17829,30929
10.7,42.41,38.10,4.31,11785,1332,17812,30929
10.8,42.41,38.06,4.35,11772,1346,17811,30929
10.9,42.41,38.05,4.37,11767,1351,17811,30929
11.0,42.05,37.59,4.47,11773,1399,18151,31323
11.2,42.09,37.62,4.47,11785,1400,18138,31323
11.3,41.67,37.24,4.43,11784,1401,18456,31641
11.4,41.83,37.40,4.42,11835,1400,18406,31641
11.5,41.62,37.02,4.60,11891,1478,18749,32118
11.6,41.85,37.21,4.64,11951,1491,18676,32118
11.7,41.86,37.19,4.67,11945,1499,18674,32118
11.8,41.86,37.23,4.63,11956,1488,18674,32118
12.0,41.86,37.19,4.67,11945,1499,18674,32118
12.1,41.92,37.27,4.65,11970,1494,18654,32118
12.2,42.01,37.34,4.67,11994,1499,18625,32118
12.3,42.01,37.32,4.69,11988,1505,18625,32118
12.4,42.01,37.30,4.71,11980,1513,18625,32118
12.5,42.01,37.31,4.70,11982,1511,18625,32118
12.6,42.01,37.30,4.71,11980,1513,18625,32118
12.7,42.01,37.30,4.71,11979,1514,18625,32118
12.9,42.01,37.31,4.70,11982,1511,18625,32118
13.0,42.02,37.31,4.71,11983,1512,18623,32118
13.1,42.02,37.31,4.71,11984,1512,18622,32118
13.2,42.02,37.30,4.72,11980,1516,18622,32118
13.3,42.04,37.30,4.73,11981,1520,18617,32118
13.4,42.04,37.29,4.75,11976,1527,18615,32118
13.5,42.04,37.30,4.75,11979,1524,18615,32118
13.6,42.04,37.30,4.74,11980,1523,18615,32118
13.8,42.05,37.29,4.76,11976,1530,18612,32118
13.9,42.05,37.31,4.75,11982,1524,18612,32118
14.0,42.11,37.36,4.75,11998,1526,18594,32118
14.1,42.15,37.39,4.77,12008,1531,18579,32118
14.2,42.15,37.40,4.76,12011,1528,18579,32118
14.4,42.15,37.41,4.75,12015,1524,18579,32118
14.5,42.15,37.40,4.76,12011,1528,18579,32118
14.6,42.15,37.40,4.75,12013,1526,18579,32118
14.7,42.15,37.41,4.74,12016,1523,18579,32118
14.9,42.15,37.42,4.74,12017,1522,18579,32118
15.0,42.15,37.42,4.73,12019,1520,18579,32118
15.1,42.15,37.42,4.74,12018,1521,18579,32118
15.2,42.15,37.42,4.73,12020,1519,18579,32118
15.4,42.15,37.42,4.73,12020,1519,18579,32118
15.5,42.15,37.43,4.72,12022,1517,18579,32118
15.6,42.15,37.44,4.71,12025,1514,18579,32118
15.7,42.15,37.45,4.70,12028,1511,18579,32118
15.9,42.15,37.46,4.70,12031,1508,18579,32118
16.0,42.15,37.47,4.68,12036,1503,18579,32118
16.1,42.15,37.48,4.68,12037,1502,18579,32118
16.2,42.15,37.47,4.68,12036,1503,18579,32118
16.3,42.15,37.48,4.67,12039,1500,18579,32118
16.4,42.15,37.49,4.67,12040,1499,18579,32118
16.6,42.15,37.49,4.67,12040,1499,18579,32118
16.7,42.15,37.49,4.67,12040,1499,18579,32118
16.8,42.16,37.49,4.67,12040,1500,18578,32118
16.9,42.16,37.49,4.67,12040,1500,18578,32118
17.1,42.16,37.49,4.67,12041,1499,18578,32118
17.2,42.16,37.49,4.67,12041,1499,18578,32118
17.3,42.16,37.49,4.67,12040,1500,18578,32118
17.4,42.16,37.49,4.67,12041,1499,18578,32118
17.6,42.16,37.49,4.67,12041,1499,18578,32118
17.7,42.16,37.48,4.67,12039,1501,18578,32118
17.8,42.16,37.49,4.66,12042,1498,18578,32118
17.9,42.16,37.49,4.67,12041,1499,18578,32118
18.0,42.16,37.49,4.67,12041,1499,18578,32118
18.2,42.16,37.49,4.67,12041,1499,18578,32118
18.3,42.16,37.49,4.67,12040,1500,18578,32118
18.4,42.16,37.49,4.67,12040,1500,18578,32118
18.5,42.16,37.49,4.67,12041,1499,18578,32118
18.6,42.16,37.49,4.67,12041,1499,18578,32118
18.7,42.16,37.49,4.67,12041,1499,18578,32118
18.9,42.16,37.49,4.67,12040,1500,18578,32118
19.0,42.16,37.49,4.67,12040,1500,18578,32118
19.1,42.16,37.48,4.67,12039,1501,18578,32118
19.2,42.16,37.49,4.67,12040,1500,18578,32118
19.3,42.16,37.48,4.67,12039,1501,18578,32118
19.4,42.16,37.48,4.67,12039,1501,18578,32118
19.6,42.16,37.49,4.67,12040,1500,18578,32118
19.7,42.16,37.49,4.67,12040,1500,18578,32118
19.8,42.16,37.49,4.67,12040,1500,18578,32118
19.9,42.16,37.48,4.67,12039,1501,18578,32118
20.0,42.16,37.49,4.67,12040,1500,18578,32118
20.2,42.16,37.49,4.67,12041,1499,18578,32118
20.3,42.16,37.49,4.67,12041,1499,18578,32118
20.4,42.16,37.49,4.67,12040,1500,18578,32118
20.5,42.16,37.49,4.67,12040,1500,18578,32118
20.6,42.16,37.49,4.67,12040,1500,18578,32118
20.7,42.16,37.49,4.67,12040,1500,18578,32118
20.8,42.16,37.49,4.67,12040,1500,18578,32118
21.0,42.16,37.49,4.67,12040,1500,18578,32118
21.1,42.16,37.49,4.67,12040,1500,18578,32118
21.2,42.16,37.49,4.67,12040,1500,18578,32118
21.3,42.16,37.48,4.67,12039,1501,18578,32118
21.5,42.16,37.49,4.67,12040,1500,18578,32118
21.6,42.16,37.48,4.68,12038,1502,18578,32118
21.7,42.16,37.48,4.68,12038,1502,18578,32118
21.8,42.16,37.49,4.67,12040,1500,18578,32118
21.9,42.16,37.49,4.67,12040,1500,18578,32118
22.0,42.16,37.49,4.67,12040,1500,18578,32118
22.2,42.16,37.48,4.67,12039,1501,18578,32118
22.3,42.16,37.48,4.67,12039,1501,18578,32118
22.4,42.16,37.49,4.68,12040,1502,18576,32118
22.5,42.16,37.49,4.68,12040,1502,18576,32118
22.7,42.16,37.46,4.70,12033,1509,18576,32118
22.8,42.19,37.47,4.72,12034,1515,18569,32118
22.9,42.19,37.47,4.71,12035,1514,18569,32118
23.0,42.21,37.47,4.74,12036,1521,18561,32118
23.1,42.39,37.48,4.92,12037,1579,18502,32118
23.2,42.41,37.50,4.91,12044,1578,18496,32118
23.4,42.41,37.50,4.92,12043,1579,18496,32118
23.5,42.41,37.49,4.92,12041,1581,18496,32118
23.6,43.14,37.56,5.58,12064,1793,18261,32118
23.7,43.18,37.53,5.66,12053,1817,18248,32118
23.8,43.18,37.54,5.65,12056,1814,18248,32118
24.0,43.19,37.47,5.71,12036,1835,18247,32118
24.1,43.19,37.49,5.69,12042,1829,18247,32118
24.2,43.35,37.53,5.83,12053,1871,18194,32118
24.3,43.51,37.51,6.00,12048,1928,18142,32118
24.4,43.52,37.42,6.10,12019,1958,18141,32118
24.5,43.52,37.36,6.16,12000,1978,18140,32118
24.7,43.52,37.28,6.25,11972,2006,18140,32118
24.8,43.52,37.31,6.21,11984,1994,18140,32118
24.9,43.52,37.36,6.16,12000,1978,18140,32118
25.0,43.52,37.41,6.11,12014,1964,18140,32118
25.2,43.52,37.42,6.10,12020,1958,18140,32118
25.3,43.52,37.48,6.04,12037,1941,18140,32118
25.4,43.52,37.48,6.04,12039,1939,18140,32118
25.6,43.52,37.50,6.02,12045,1933,18140,32118
25.7,43.52,37.52,6.00,12051,1927,18140,32118
25.8,43.52,37.60,5.92,12077,1901,18140,32118
25.9,43.52,37.62,5.90,12084,1894,18140,32118
26.1,43.52,37.59,5.93,12074,1904,18140,32118
26.2,43.52,37.55,5.97,12059,1919,18140,32118
26.3,43.68,37.54,6.13,12058,1970,18090,32118
26.4,43.68,37.57,6.10,12068,1960,18090,32118
26.6,43.68,37.56,6.12,12062,1966,18090,32118
26.7,43.68,37.58,6.10,12070,1958,18090,32118
26.8,43.69,37.57,6.11,12068,1963,18087,32118
26.9,43.69,37.59,6.10,12073,1958,18087,32118
27.1,43.79,37.60,6.20,12076,1990,18052,32118
27.2,43.84,37.62,6.21,12084,1995,18039,32118
27.3,43.84,37.61,6.22,12080,1999,18039,32118
27.4,43.84,37.61,6.23,12079,2000,18039,32118
27.5,43.84,37.62,6.21,12084,1995,18039,32118
27.6,43.84,37.62,6.21,12083,1996,18039,32118
27.8,43.84,37.64,6.20,12088,1991,18039,32118
27.9,43.84,37.63,6.21,12085,1994,18039,32118
28.0,43.84,37.62,6.21,12084,1995,18039,32118
28.1,43.84,37.63,6.20,12087,1992,18039,32118
28.3,43.84,37.64,6.20,12088,1991,18039,32118
28.4,43.84,37.62,6.21,12084,1995,18039,32118
28.5,43.84,37.64,6.20,12088,1991,18039,32118
28.6,43.84,37.65,6.19,12092,1987,18039,32118
28.7,43.84,37.64,6.20,12088,1991,18039,32118
28.9,43.84,37.64,6.20,12088,1991,18039,32118
29.0,43.84,37.62,6.21,12084,1995,18039,32118
29.1,43.84,37.62,6.21,12084,1995,18039,32118
29.2,43.84,37.62,6.21,12084,1995,18039,32118
29.3,43.84,37.61,6.23,12079,2000,18039,32118
29.5,43.84,37.61,6.23,12078,2001,18039,32118
29.6,43.84,37.62,6.21,12083,1996,18039,32118
29.7,43.84,37.62,6.21,12084,1995,18039,32118
29.9,43.84,37.63,6.21,12086,1993,18039,32118
30.0,43.84,37.65,6.18,12094,1985,18039,32118
30.1,43.84,37.66,6.17,12096,1983,18039,32118
30.2,43.84,37.61,6.23,12078,2001,18039,32118
30.4,43.84,37.60,6.24,12075,2004,18039,32118
30.4,43.84,37.60,6.23,12077,2002,18039,32118
30.6,43.84,37.61,6.23,12078,2001,18039,32118
30.7,43.84,37.61,6.23,12080,2000,18038,32118
30.8,43.92,37.63,6.29,12086,2019,18013,32118
31.0,43.93,37.64,6.30,12088,2022,18008,32118
31.1,43.93,37.64,6.29,12090,2020,18008,32118
31.2,43.93,37.67,6.26,12099,2011,18008,32118
31.4,43.93,37.68,6.26,12101,2009,18008,32118
31.5,43.93,37.65,6.28,12092,2018,18008,32118
31.6,43.93,37.59,6.34,12073,2037,18008,32118
31.7,43.93,37.57,6.36,12066,2044,18008,32118
31.9,43.93,37.51,6.42,12049,2061,18008,32118
32.0,43.93,37.39,6.54,12009,2101,18008,32118
32.1,43.95,37.40,6.55,12011,2105,18002,32118
32.2,43.95,37.40,6.55,12011,2105,18002,32118
32.4,43.95,37.37,6.59,12001,2115,18002,32118
32.5,43.95,37.38,6.57,12005,2111,18002,32118
32.6,43.95,37.37,6.59,12002,2115,18001,32118
32.7,43.97,37.36,6.61,11998,2123,17997,32118
32.9,43.97,37.36,6.60,12000,2121,17997,32118
33.0,43.97,37.35,6.62,11996,2125,17997,32118
33.1,43.97,37.35,6.62,11997,2125,17996,32118
33.2,43.97,37.32,6.65,11987,2135,17996,32118
33.4,43.97,37.31,6.66,11983,2139,17996,32118
33.5,43.97,37.31,6.66,11984,2138,17996,32118
33.7,43.97,37.30,6.67,11979,2143,17996,32118
33.8,43.97,37.29,6.68,11976,2146,17996,32118
33.9,43.97,37.29,6.68,11976,2146,17996,32118
34.0,43.97,37.28,6.68,11975,2147,17996,32118
34.2,43.97,37.29,6.68,11976,2146,17996,32118
34.3,43.97,37.30,6.67,11979,2143,17996,32118
34.4,43.97,37.31,6.66,11982,2140,17996,32118
34.6,43.97,37.28,6.68,11975,2147,17996,32118
34.7,43.97,37.28,6.69,11973,2149,17996,32118
34.9,43.97,37.28,6.69,11972,2150,17996,32118
35.0,43.97,37.30,6.67,11979,2143,17996,32118
35.1,43.97,37.29,6.68,11978,2144,17996,32118
35.3,43.97,37.30,6.67,11980,2142,17996,32118
35.4,43.97,37.30,6.67,11980,2142,17996,32118
35.6,43.97,37.30,6.67,11980,2142,17996,32118
35.7,43.97,37.32,6.65,11987,2135,17996,32118
35.8,43.97,37.32,6.65,11985,2137,17996,32118
36.0,44.01,37.32,6.69,11985,2149,17984,32118
36.1,44.03,37.34,6.69,11992,2148,17978,32118
36.3,44.09,37.39,6.70,12010,2152,17956,32118
36.4,44.19,37.56,6.62,12065,2127,17926,32118
36.5,44.32,37.73,6.59,12118,2117,17883,32118
36.7,44.54,37.96,6.58,12192,2112,17814,32118
36.8,44.57,37.99,6.59,12201,2115,17802,32118
36.9,44.67,38.09,6.58,12234,2114,17770,32118
37.1,44.67,38.10,6.58,12236,2112,17770,32118
37.2,44.68,38.10,6.58,12238,2113,17767,32118
37.4,44.68,38.11,6.57,12241,2110,17767,32118
37.5,44.68,38.11,6.58,12239,2112,17767,32118
37.7,44.68,38.12,6.56,12243,2108,17767,32118
37.8,44.79,38.24,6.55,12282,2105,17731,32118
37.9,44.88,38.32,6.56,12308,2106,17704,32118
38.0,45.11,38.56,6.55,12384,2104,17630,32118
38.2,44.67,38.16,6.51,12378,2111,17947,32436
38.3,44.69,38.13,6.56,12368,2129,17939,32436
38.4,44.99,38.41,6.58,12459,2134,17843,32436
38.6,45.03,38.46,6.57,12476,2130,17830,32436
38.7,45.06,38.48,6.58,12482,2134,17820,32436
38.8,45.22,38.62,6.60,12528,2141,17767,32436
39.0,45.44,38.81,6.63,12590,2149,17697,32436
39.1,45.44,38.79,6.66,12581,2159,17696,32436
39.2,45.44,38.78,6.66,12579,2161,17696,32436
39.3,45.44,38.78,6.67,12578,2162,17696,32436
39.5,45.49,38.80,6.69,12586,2170,17680,32436
39.7,45.61,38.91,6.70,12621,2173,17642,32436
39.8,45.69,38.99,6.70,12647,2173,17616,32436
40.0,45.70,38.96,6.74,12636,2186,17614,32436
40.1,45.71,38.96,6.75,12637,2189,17610,32436
40.3,45.96,39.20,6.76,12714,2192,17530,32436
40.4,45.96,39.20,6.76,12714,2193,17529,32436
40.6,45.98,39.22,6.77,12720,2195,17521,32436
40.7,46.33,39.55,6.78,12828,2198,17410,32436
40.9,46.33,39.55,6.78,12828,2198,17410,32436
41.0,46.42,39.49,6.92,12810,2246,17380,32436
41.2,46.44,39.49,6.95,12809,2255,17372,32436
41.4,46.44,39.50,6.94,12812,2252,17372,32436
41.5,46.44,39.52,6.92,12820,2244,17372,32436
41.7,46.44,39.53,6.91,12823,2241,17372,32436
41.8,46.44,39.65,6.79,12860,2204,17372,32436
42.0,46.44,39.64,6.80,12857,2207,17372,32436
42.1,46.44,39.63,6.81,12855,2209,17372,32436
42.3,46.44,39.64,6.80,12859,2205,17372,32436
42.5,46.44,39.64,6.80,12859,2205,17372,32436
42.6,46.44,39.65,6.79,12860,2204,17372,32436
42.8,46.44,39.66,6.78,12865,2199,17372,32436
42.9,46.44,39.66,6.79,12863,2201,17372,32436
43.1,46.44,39.65,6.79,12862,2202,17372,32436
43.2,46.44,39.66,6.78,12864,2200,17372,32436
43.4,46.44,39.66,6.78,12864,2200,17372,32436
43.5,46.45,39.66,6.79,12865,2202,17369,32436
43.6,46.45,39.67,6.78,12868,2199,17369,32436
43.8,46.45,39.67,6.78,12867,2200,17369,32436
43.9,46.45,39.67,6.79,12866,2201,17369,32436
44.1,46.46,39.67,6.79,12866,2203,17367,32436
44.2,46.46,39.66,6.80,12863,2207,17366,32436
44.4,46.46,39.66,6.80,12864,2206,17366,32436
44.6,46.46,39.65,6.81,12860,2210,17366,32436
44.7,46.46,39.64,6.82,12857,2213,17366,32436
44.8,46.46,39.63,6.83,12853,2217,17366,32436
45.0,46.46,39.61,6.85,12849,2221,17366,32436
45.2,46.46,39.62,6.84,12851,2219,17366,32436
45.3,46.46,39.60,6.86,12846,2224,17366,32436
45.5,46.46,39.60,6.86,12845,2225,17366,32436
45.6,46.46,39.60,6.86,12844,2226,17366,32436
45.8,46.46,39.61,6.85,12848,2223,17365,32436
45.9,46.46,39.62,6.85,12850,2221,17365,32436
46.0,46.46,39.62,6.84,12851,2220,17365,32436
46.2,46.46,39.65,6.81,12861,2210,17365,32436
46.3,46.46,39.65,6.81,12861,2210,17365,32436
46.5,46.46,39.63,6.84,12853,2218,17365,32436
46.6,46.50,39.68,6.83,12869,2215,17352,32436
46.8,46.50,39.66,6.85,12863,2221,17352,32436
46.9,46.53,39.68,6.85,12871,2222,17343,32436
47.1,46.62,39.77,6.85,12900,2221,17315,32436
47.2,46.68,39.83,6.85,12920,2222,17294,32436
47.4,46.68,39.82,6.87,12915,2227,17294,32436
47.6,46.70,39.83,6.87,12918,2229,17289,32436
47.7,46.72,39.83,6.90,12918,2237,17281,32436
47.8,46.72,39.82,6.90,12917,2238,17281,32436
48.0,46.49,39.61,6.87,12930,2243,17467,32640
48.1,46.49,39.61,6.87,12930,2243,17467,32640
48.3,46.51,39.56,6.96,12911,2271,17458,32640
48.5,46.51,39.47,7.04,12884,2298,17458,32640
48.6,46.53,39.49,7.04,12888,2299,17453,32640
48.8,46.53,39.49,7.03,12891,2296,17453,32640
48.9,46.53,39.50,7.03,12894,2294,17452,32640
49.1,46.56,39.60,6.96,12924,2272,17444,32640
49.2,46.56,39.59,6.97,12922,2274,17444,32640
49.4,46.56,39.59,6.96,12923,2273,17444,32640
49.5,46.56,39.66,6.89,12946,2250,17444,32640
49.6,46.56,39.66,6.89,12946,2250,17444,32640
49.8,46.60,39.69,6.91,12954,2255,17431,32640
49.9,46.60,39.70,6.90,12957,2252,17431,32640
50.1,46.60,39.71,6.89,12960,2249,17431,32640
50.2,46.60,39.71,6.88,12962,2247,17431,32640
50.4,46.60,39.73,6.87,12967,2242,17431,32640
50.5,46.60,39.74,6.86,12970,2239,17431,32640
50.7,46.60,39.75,6.85,12973,2236,17431,32640
50.8,46.60,39.74,6.85,12972,2237,17431,32640
51.0,46.61,39.76,6.84,12979,2233,17428,32640
51.1,46.63,39.78,6.85,12983,2236,17421,32640
51.3,46.65,39.79,6.86,12987,2238,17415,32640
51.4,46.65,39.79,6.85,12989,2236,17415,32640
51.6,46.65,39.80,6.85,12990,2235,17415,32640
51.7,46.65,39.81,6.84,12993,2234,17413,32640
51.9,46.65,39.80,6.85,12992,2235,17413,32640
52.0,46.67,39.82,6.86,12996,2238,17406,32640
52.2,47.68,40.78,6.91,13310,2254,17076,32640
52.3,48.69,41.68,7.01,13604,2288,16748,32640
52.5,50.36,43.27,7.10,14122,2317,16201,32640
52.6,51.17,44.00,7.17,14363,2340,15937,32640
52.8,51.18,44.01,7.16,14366,2338,15936,32640
53.0,51.18,44.02,7.15,14369,2335,15936,32640
53.1,51.19,44.05,7.14,14379,2329,15932,32640
53.3,51.29,44.09,7.20,14391,2349,15900,32640
53.5,52.18,44.99,7.19,14684,2346,15610,32640
53.6,53.04,45.80,7.24,14948,2363,15329,32640
53.8,54.79,47.49,7.31,15500,2385,14755,32640
54.0,56.88,49.51,7.37,16160,2407,14073,32640
54.1,59.43,51.98,7.45,16965,2432,13243,32640
54.3,59.64,52.17,7.48,17027,2441,13172,32640
54.5,59.66,52.15,7.51,17022,2451,13167,32640
54.6,59.92,52.40,7.52,17103,2456,13081,32640
54.8,61.96,54.40,7.56,17755,2468,12417,32640
55.0,63.01,55.40,7.61,18083,2485,12072,32640
55.1,63.57,55.91,7.67,18248,2502,11890,32640
55.3,64.50,56.81,7.69,18544,2510,11586,32640
55.5,64.52,56.82,7.70,18547,2512,11581,32640
55.6,64.52,56.82,7.70,18546,2513,11581,32640
55.8,64.53,56.83,7.70,18549,2514,11577,32640
56.0,64.54,56.84,7.71,18551,2516,11573,32640
56.1,64.54,56.81,7.73,18544,2523,11573,32640
56.3,64.54,56.78,7.76,18533,2534,11573,32640
56.5,64.54,56.76,7.78,18528,2539,11573,32640
56.6,64.54,56.77,7.77,18530,2537,11573,32640
56.8,64.54,56.78,7.76,18534,2533,11573,32640
57.0,64.54,56.76,7.78,18527,2540,11573,32640
57.1,64.54,56.76,7.78,18528,2539,11573,32640
57.3,64.93,57.14,7.79,18651,2543,11446,32640
57.5,65.28,57.47,7.81,18758,2550,11332,32640
57.7,65.28,57.45,7.83,18753,2555,11332,32640
57.8,65.28,57.46,7.82,18754,2554,11332,32640
58.0,65.29,57.46,7.84,18754,2558,11328,32640
58.2,67.28,59.40,7.88,19387,2573,10680,32640
58.4,68.52,60.59,7.93,19778,2588,10274,32640
58.5,68.57,60.55,8.02,19762,2619,10259,32640
58.7,68.66,60.62,8.04,19786,2625,10229,32640
58.9,68.69,60.70,7.98,19814,2605,10221,32640
59.1,69.16,61.10,8.05,19944,2629,10067,32640
59.3,69.23,61.11,8.12,19947,2651,10042,32640
59.5,69.24,61.20,8.04,19977,2623,10040,32640
59.6,69.25,61.20,8.05,19976,2628,10036,32640
59.8,69.26,61.20,8.05,19976,2629,10035,32640
60.0,69.26,61.23,8.02,19987,2618,10035,32640
60.2,69.26,61.22,8.04,19981,2625,10034,32640
60.4,69.26,61.22,8.04,19983,2623,10034,32640
60.5,69.26,61.24,8.02,19988,2618,10034,32640
60.7,69.26,61.23,8.03,19986,2620,10034,32640
60.9,69.26,61.25,8.01,19992,2614,10034,32640
61.0,69.26,61.26,8.00,19995,2611,10034,32640
61.2,69.26,61.25,8.01,19993,2614,10033,32640
61.4,69.26,61.24,8.02,19990,2617,10033,32640
61.5,69.26,61.24,8.02,19989,2618,10033,32640
61.7,69.26,61.24,8.02,19989,2618,10033,32640
61.8,69.26,61.22,8.04,19983,2624,10033,32640
62.0,69.26,61.25,8.01,19993,2614,10033,32640
62.2,69.26,61.26,8.00,19995,2612,10033,32640
62.4,69.26,61.27,8.00,19997,2610,10033,32640
62.5,69.26,61.27,7.99,19998,2609,10033,32640
62.7,69.26,61.28,7.98,20003,2604,10033,32640
62.9,69.26,61.28,7.98,20003,2604,10033,32640
63.0,69.26,61.30,7.96,20009,2598,10033,32640
63.2,69.26,61.30,7.97,20007,2600,10033,32640
63.4,69.26,61.30,7.97,20007,2600,10033,32640
63.5,69.26,61.31,7.95,20012,2595,10033,32640
63.7,69.26,61.31,7.96,20010,2597,10033,32640
63.9,69.26,61.29,7.97,20006,2602,10032,32640
64.1,69.26,61.29,7.97,20005,2603,10032,32640
64.2,69.26,61.29,7.98,20004,2604,10032,32640
64.4,69.33,61.30,8.03,20008,2622,10010,32640
64.5,69.37,61.34,8.03,20021,2620,9999,32640
64.7,69.37,61.32,8.05,20016,2626,9998,32640
64.8,69.38,61.34,8.04,20020,2625,9995,32640
65.0,69.42,61.32,8.10,20014,2644,9982,32640
65.2,69.50,61.34,8.15,20023,2661,9956,32640
65.3,69.52,61.36,8.16,20027,2663,9950,32640
65.5,69.06,60.76,8.30,20026,2736,10198,32960
65.6,69.14,60.73,8.41,20017,2771,10172,32960
65.8,69.16,60.76,8.40,20025,2770,10165,32960
66.0,69.19,60.83,8.37,20048,2758,10154,32960
66.2,69.21,60.84,8.37,20052,2758,10150,32960
66.4,69.23,60.81,8.42,20042,2776,10142,32960
66.5,69.23,60.86,8.37,20059,2759,10142,32960
66.7,69.23,60.89,8.34,20068,2750,10142,32960
66.9,69.23,60.90,8.33,20074,2744,10142,32960
67.1,69.23,60.94,8.29,20086,2732,10142,32960
67.3,69.24,60.94,8.29,20087,2733,10140,32960
67.5,69.24,60.96,8.28,20091,2729,10140,32960
67.6,69.24,60.98,8.26,20098,2722,10140,32960
67.8,69.24,61.00,8.23,20107,2713,10140,32960
68.0,69.24,61.02,8.21,20113,2707,10140,32960
68.2,69.24,61.02,8.22,20112,2708,10140,32960
68.4,69.24,61.04,8.19,20119,2701,10140,32960
68.5,69.24,61.03,8.21,20115,2705,10140,32960
68.7,69.24,61.03,8.20,20116,2704,10140,32960
68.9,69.24,61.03,8.21,20115,2705,10140,32960
69.0,69.24,61.02,8.22,20111,2709,10140,32960
69.2,69.24,61.02,8.22,20112,2708,10140,32960
69.4,69.24,61.04,8.19,20120,2700,10140,32960
69.6,69.24,61.03,8.21,20115,2705,10140,32960
69.8,69.24,61.01,8.23,20109,2711,10140,32960
69.9,69.24,60.99,8.25,20101,2719,10140,32960
70.1,69.24,60.96,8.28,20092,2728,10140,32960
70.3,69.24,60.96,8.27,20093,2727,10140,32960
70.4,69.24,60.96,8.28,20091,2729,10140,32960
70.6,69.24,60.96,8.28,20092,2728,10140,32960
70.8,69.24,60.94,8.30,20085,2735,10140,32960
70.9,69.24,60.95,8.29,20089,2731,10140,32960
71.1,69.24,60.96,8.28,20092,2728,10140,32960
71.2,69.24,60.96,8.27,20094,2726,10140,32960
71.4,69.24,60.96,8.28,20091,2729,10140,32960
71.5,69.24,60.94,8.30,20086,2735,10139,32960
71.7,69.24,60.94,8.29,20087,2734,10139,32960
71.9,69.24,60.98,8.26,20098,2723,10139,32960
72.0,69.24,60.99,8.25,20101,2720,10139,32960
72.2,69.24,60.99,8.25,20102,2719,10139,32960
72.4,69.24,61.01,8.23,20108,2713,10139,32960
72.6,69.24,61.01,8.23,20108,2713,10139,32960
72.7,69.24,61.02,8.22,20111,2710,10139,32960
72.9,69.24,61.01,8.23,20110,2711,10139,32960
73.1,69.27,61.02,8.25,20112,2719,10129,32960
73.3,69.27,61.03,8.24,20114,2717,10129,32960
73.4,69.27,61.03,8.24,20116,2715,10129,32960
73.6,69.27,61.03,8.24,20116,2715,10129,32960
73.8,69.27,61.02,8.25,20113,2718,10129,32960
74.0,69.27,61.02,8.25,20113,2718,10129,32960
74.2,69.27,61.03,8.24,20114,2717,10129,32960
74.4,69.27,61.03,8.24,20114,2717,10129,32960
74.6,69.27,61.03,8.24,20114,2717,10129,32960
74.7,69.27,61.03,8.24,20116,2715,10129,32960
74.9,69.27,61.02,8.25,20113,2718,10129,32960
75.1,69.27,61.03,8.24,20115,2716,10129,32960
75.3,69.27,61.03,8.23,20117,2714,10129,32960
75.5,69.27,61.03,8.23,20117,2714,10129,32960
75.7,69.27,61.05,8.22,20121,2710,10129,32960
75.9,69.27,61.05,8.22,20123,2708,10129,32960
76.0,69.27,61.04,8.23,20120,2711,10129,32960
76.2,69.27,61.04,8.23,20120,2711,10129,32960
76.3,69.34,60.99,8.35,20103,2753,10104,32960
76.5,69.34,60.98,8.36,20099,2757,10104,32960
76.7,69.34,60.88,8.47,20065,2791,10104,32960
76.9,69.39,60.84,8.55,20054,2817,10089,32960
77.0,69.39,60.81,8.58,20043,2828,10089,32960
77.3,69.39,60.84,8.55,20053,2818,10089,32960
77.5,69.39,60.88,8.51,20067,2804,10089,32960
77.6,69.39,60.84,8.55,20053,2818,10089,32960
77.8,69.48,60.84,8.64,20053,2848,10059,32960
78.0,69.48,60.87,8.61,20062,2839,10059,32960
78.2,69.51,60.89,8.62,20070,2842,10048,32960
78.3,69.52,60.93,8.58,20084,2829,10047,32960
78.5,69.52,60.91,8.61,20076,2837,10047,32960
78.7,69.52,60.96,8.56,20091,2822,10047,32960
78.9,69.52,60.98,8.54,20099,2814,10047,32960
79.0,69.52,61.00,8.51,20107,2806,10047,32960
79.2,69.52,61.02,8.50,20112,2801,10047,32960
79.4,69.52,61.02,8.50,20113,2800,10047,32960
79.5,69.52,61.03,8.49,20114,2799,10047,32960
79.7,69.52,61.03,8.49,20115,2798,10047,32960
79.9,69.52,61.06,8.46,20124,2789,10047,32960
80.1,69.52,61.05,8.47,20122,2792,10046,32960
80.2,69.52,61.04,8.48,20119,2796,10045,32960
80.4,69.85,61.17,8.68,20161,2860,9939,32960
80.6,69.85,61.17,8.67,20162,2859,9939,32960
80.7,69.85,61.14,8.71,20151,2871,9938,32960
80.9,69.88,61.14,8.75,20151,2883,9926,32960
81.1,69.88,61.15,8.73,20156,2878,9926,32960
81.3,69.88,61.08,8.80,20133,2901,9926,32960
81.4,69.88,61.08,8.81,20131,2903,9926,32960
81.6,69.89,61.05,8.84,20122,2913,9925,32960
81.8,69.89,61.03,8.86,20114,2921,9925,32960
82.0,69.89,61.05,8.83,20123,2912,9925,32960
82.2,69.89,61.06,8.83,20125,2910,9925,32960
82.3,69.89,61.00,8.88,20107,2928,9925,32960
82.5,69.89,60.98,8.90,20100,2935,9925,32960
82.7,69.89,61.00,8.88,20107,2928,9925,32960
82.9,69.89,60.94,8.95,20086,2949,9925,32960
83.1,69.89,61.06,8.82,20127,2908,9925,32960
83.2,69.89,61.07,8.81,20130,2905,9925,32960
83.4,69.89,61.08,8.81,20132,2903,9925,32960
83.6,69.89,61.08,8.81,20133,2903,9924,32960
83.8,69.89,61.06,8.83,20127,2909,9924,32960
83.9,69.89,61.01,8.88,20109,2927,9924,32960
84.1,69.89,61.08,8.81,20131,2905,9924,32960
84.2,69.89,61.08,8.81,20133,2903,9924,32960
84.4,69.89,61.09,8.80,20135,2901,9924,32960
84.6,69.89,61.09,8.80,20136,2900,9924,32960
84.7,69.89,61.03,8.86,20115,2921,9924,32960
84.9,69.89,61.03,8.86,20117,2919,9924,32960
85.1,69.89,61.05,8.84,20122,2914,9924,32960
85.2,69.89,61.07,8.82,20129,2907,9924,32960
85.4,69.89,61.08,8.81,20132,2904,9924,32960
85.6,69.89,61.10,8.79,20138,2898,9924,32960
85.7,69.89,61.10,8.79,20139,2897,9924,32960
85.9,69.89,61.11,8.78,20141,2895,9924,32960
86.1,69.89,61.14,8.75,20151,2885,9924,32960
86.3,69.89,61.17,8.73,20160,2876,9924,32960
86.5,69.89,61.17,8.73,20160,2876,9924,32960
86.6,69.89,61.17,8.73,20160,2876,9924,32960
86.8,69.89,61.17,8.72,20162,2874,9924,32960
87.0,69.89,61.17,8.72,20162,2874,9924,32960
87.1,69.89,61.18,8.71,20165,2871,9924,32960
87.3,69.89,61.16,8.73,20157,2879,9924,32960
87.5,69.89,61.17,8.72,20161,2875,9924,32960
87.6,69.89,61.14,8.75,20152,2884,9924,32960
87.8,69.89,61.13,8.76,20149,2887,9924,32960
87.9,69.89,61.12,8.77,20144,2892,9924,32960
88.1,69.89,61.11,8.78,20142,2894,9924,32960
88.3,69.89,61.10,8.79,20140,2896,9924,32960
88.4,69.89,61.09,8.80,20135,2901,9924,32960
88.6,69.89,61.10,8.79,20140,2896,9924,32960
88.7,69.89,61.10,8.79,20138,2898,9924,32960
88.9,69.89,61.08,8.81,20133,2903,9924,32960
89.0,69.89,61.10,8.80,20137,2899,9924,32960
89.2,69.89,61.10,8.79,20140,2896,9924,32960
89.4,69.89,61.08,8.81,20133,2903,9924,32960
89.5,69.89,61.07,8.82,20130,2906,9924,32960
89.7,69.89,61.08,8.81,20133,2903,9924,32960
89.8,69.89,61.08,8.81,20133,2903,9924,32960
90.0,69.89,61.09,8.80,20135,2901,9924,32960
90.1,69.89,61.09,8.80,20135,2901,9924,32960
90.3,69.89,61.06,8.83,20127,2909,9924,32960
90.4,69.89,61.06,8.83,20126,2910,9924,32960
90.6,69.89,61.05,8.84,20123,2913,9924,32960
90.8,69.89,61.06,8.83,20124,2912,9924,32960
90.9,69.89,61.05,8.84,20121,2915,9924,32960
91.1,69.89,61.04,8.85,20119,2917,9924,32960
91.2,69.89,61.05,8.84,20122,2914,9924,32960
91.4,69.89,61.04,8.85,20119,2917,9924,32960
91.6,69.89,61.03,8.86,20115,2921,9924,32960
91.7,69.89,61.03,8.86,20115,2921,9924,32960
91.9,69.89,61.00,8.89,20106,2930,9924,32960
92.0,69.89,60.99,8.90,20102,2934,9924,32960
92.2,69.89,60.98,8.91,20099,2937,9924,32960
92.3,69.89,60.97,8.92,20097,2939,9924,32960
92.5,69.89,60.99,8.90,20101,2935,9924,32960
92.6,69.89,60.99,8.90,20102,2934,9924,32960
92.8,69.89,60.99,8.90,20103,2933,9924,32960
93.0,69.89,61.00,8.90,20104,2932,9924,32960
93.1,69.89,61.01,8.88,20109,2927,9924,32960
93.2,69.89,61.01,8.88,20109,2927,9924,32960
93.4,69.89,61.01,8.88,20108,2928,9924,32960
93.5,69.89,61.02,8.87,20111,2925,9924,32960
93.7,69.89,61.03,8.86,20117,2919,9924,32960
93.8,69.89,61.03,8.87,20114,2922,9924,32960
94.0,69.89,61.03,8.86,20117,2919,9924,32960
94.1,69.89,61.04,8.85,20118,2918,9924,32960
94.3,69.89,61.04,8.85,20118,2918,9924,32960
94.5,69.89,61.03,8.86,20117,2919,9924,32960
94.6,69.89,61.04,8.85,20118,2918,9924,32960
94.8,69.89,61.03,8.86,20115,2921,9924,32960
94.9,69.89,61.02,8.87,20113,2923,9924,32960
95.1,69.89,60.96,8.93,20093,2943,9924,32960
95.2,69.89,60.96,8.93,20092,2944,9924,32960
95.4,69.89,60.99,8.90,20103,2933,9924,32960
95.5,69.89,61.01,8.88,20110,2926,9924,32960
95.7,69.89,61.03,8.87,20114,2922,9924,32960
95.9,69.89,61.03,8.86,20116,2920,9924,32960
96.0,69.89,61.03,8.86,20115,2921,9924,32960
96.2,69.89,61.04,8.85,20118,2918,9924,32960
96.3,69.89,61.03,8.86,20116,2920,9924,32960
96.5,69.89,61.01,8.88,20109,2927,9924,32960
96.6,69.89,60.99,8.90,20102,2934,9924,32960
96.8,69.89,61.00,8.89,20106,2930,9924,32960
96.9,69.89,61.02,8.87,20112,2924,9924,32960
97.1,69.89,61.05,8.84,20122,2914,9924,32960
97.2,69.89,61.06,8.83,20124,2912,9924,32960
97.3,69.89,61.07,8.82,20128,2908,9924,32960
97.5,69.89,61.07,8.82,20129,2907,9924,32960
97.7,69.89,61.09,8.80,20134,2902,9924,32960
97.8,69.89,61.07,8.82,20130,2906,9924,32960
98.0,69.89,61.07,8.82,20129,2907,9924,32960
98.1,69.89,61.06,8.83,20127,2909,9924,32960
98.3,69.89,61.07,8.82,20130,2906,9924,32960
98.4,69.89,61.07,8.82,20129,2907,9924,32960
98.6,69.89,61.07,8.82,20129,2907,9924,32960
98.8,69.89,61.03,8.86,20116,2920,9924,32960
98.9,69.89,61.04,8.85,20119,2917,9924,32960
99.0,69.89,61.07,8.82,20128,2908,9924,32960
99.2,69.89,61.07,8.82,20129,2907,9924,32960
99.4,69.89,61.08,8.81,20131,2905,9924,32960
99.5,69.89,61.06,8.83,20127,2909,9924,32960
99.7,69.89,61.07,8.82,20129,2907,9924,32960
99.8,69.89,61.07,8.82,20130,2906,9924,32960
100.0,69.89,61.07,8.82,20128,2908,9924,32960
100.2,69.89,61.06,8.83,20126,2910,9924,32960
100.3,69.89,61.06,8.83,20126,2910,9924,32960
100.5,69.89,61.04,8.85,20118,2918,9924,32960
100.6,69.89,61.05,8.84,20122,2914,9924,32960
100.8,69.89,61.07,8.82,20130,2906,9924,32960
100.9,69.89,61.08,8.81,20131,2905,9924,32960
101.0,69.89,61.08,8.81,20133,2903,9924,32960
101.2,69.89,61.09,8.80,20135,2901,9924,32960
101.4,69.89,61.10,8.80,20137,2899,9924,32960
101.5,69.89,61.10,8.79,20138,2898,9924,32960
101.7,69.89,61.09,8.80,20135,2901,9924,32960
101.9,69.89,61.10,8.79,20138,2898,9924,32960
102.0,69.89,61.06,8.83,20126,2910,9924,32960
102.2,69.89,61.04,8.85,20118,2918,9924,32960
102.4,69.90,61.05,8.85,20123,2916,9921,32960
102.5,69.90,61.07,8.83,20130,2909,9921,32960
102.7,69.90,61.01,8.89,20110,2929,9921,32960
102.9,69.90,61.00,8.90,20107,2932,9921,32960
103.0,69.90,61.05,8.85,20123,2916,9921,32960
103.2,69.90,61.05,8.85,20122,2917,9921,32960
103.4,69.90,61.06,8.84,20125,2914,9921,32960
103.5,69.90,61.06,8.84,20126,2913,9921,32960
103.7,69.90,61.06,8.84,20125,2914,9921,32960
103.9,69.90,61.06,8.84,20125,2914,9921,32960
104.1,69.90,61.05,8.85,20122,2917,9921,32960
104.2,69.90,61.01,8.89,20109,2930,9921,32960
104.4,69.90,60.94,8.96,20085,2954,9921,32960
104.5,69.90,60.90,9.00,20073,2966,9921,32960
104.7,69.90,60.95,8.95,20089,2950,9921,32960
104.8,69.90,60.99,8.91,20102,2937,9921,32960
105.0,69.90,61.00,8.90,20105,2934,9921,32960
105.2,69.90,60.98,8.92,20098,2941,9921,32960
105.4,69.90,61.01,8.89,20108,2931,9921,32960
105.5,69.90,61.01,8.89,20110,2929,9921,32960
105.7,69.90,61.03,8.87,20116,2923,9921,32960
105.9,69.90,61.03,8.87,20114,2925,9921,32960
106.0,69.90,61.01,8.89,20110,2929,9921,32960
106.2,69.90,61.04,8.86,20120,2919,9921,32960
106.4,69.90,61.03,8.87,20116,2923,9921,32960
106.5,69.90,61.01,8.89,20108,2931,9921,32960
106.7,69.90,60.97,8.93,20095,2944,9921,32960
106.9,69.90,60.92,8.98,20080,2959,9921,32960
107.0,69.90,60.95,8.95,20088,2951,9921,32960
107.2,69.90,60.98,8.92,20100,2939,9921,32960
107.4,69.90,61.00,8.90,20104,2935,9921,32960
107.6,69.90,61.00,8.90,20105,2934,9921,32960
107.7,69.90,60.99,8.91,20103,2936,9921,32960
107.9,69.90,61.00,8.90,20107,2932,9921,32960
108.1,69.90,61.00,8.90,20107,2932,9921,32960
108.2,69.90,61.02,8.88,20112,2927,9921,32960
108.4,69.90,61.02,8.88,20111,2928,9921,32960
108.5,69.90,61.01,8.89,20109,2930,9921,32960
108.7,69.90,61.00,8.90,20107,2932,9921,32960
108.8,69.90,60.99,8.91,20103,2936,9921,32960
109.0,69.90,60.98,8.92,20100,2939,9921,32960
109.2,69.90,61.00,8.90,20104,2935,9921,32960
109.3,69.90,60.98,8.92,20099,2940,9921,32960
109.5,69.90,60.98,8.92,20098,2941,9921,32960
109.6,69.90,60.98,8.92,20100,2939,9921,32960
109.8,69.92,61.00,8.91,20107,2937,9916,32960
110.0,69.92,61.00,8.92,20105,2939,9916,32960
110.1,69.92,61.03,8.89,20114,2930,9916,32960
110.3,69.92,61.02,8.90,20112,2932,9916,32960
110.4,69.92,61.02,8.90,20111,2933,9916,32960
110.6,69.98,61.08,8.90,20131,2935,9894,32960
110.8,69.98,61.08,8.90,20131,2935,9894,32960
110.9,69.99,60.84,9.15,20053,3015,9892,32960
111.1,69.99,60.85,9.14,20055,3013,9892,32960
111.2,69.99,61.04,8.94,20120,2948,9892,32960
111.4,70.08,61.14,8.94,20151,2946,9863,32960
111.6,70.22,61.26,8.97,20191,2955,9814,32960
111.7,70.47,61.51,8.97,20273,2955,9732,32960
111.9,70.50,61.51,8.99,20274,2962,9724,32960
112.1,70.50,61.51,8.98,20275,2961,9724,32960
112.2,70.50,61.53,8.97,20279,2957,9724,32960
112.4,70.51,61.54,8.96,20285,2954,9721,32960
112.6,70.79,61.82,8.98,20375,2959,9626,32960
112.7,70.82,61.84,8.98,20382,2959,9619,32960
112.9,70.82,61.85,8.97,20387,2955,9618,32960
113.1,70.82,61.86,8.96,20388,2954,9618,32960
113.2,70.82,61.86,8.96,20389,2953,9618,32960
113.4,70.82,61.87,8.95,20391,2951,9618,32960
113.6,70.87,61.91,8.96,20406,2952,9602,32960
113.7,70.87,61.92,8.95,20408,2950,9602,32960
113.9,70.87,61.91,8.96,20405,2953,9602,32960
114.0,70.87,61.91,8.95,20407,2951,9602,32960
114.2,70.95,62.00,8.96,20434,2952,9574,32960
114.4,71.03,62.06,8.97,20454,2957,9549,32960
114.5,71.03,62.05,8.98,20451,2960,9549,32960
114.7,71.06,62.05,9.01,20452,2971,9537,32960
114.9,71.35,62.32,9.02,20542,2974,9444,32960
115.0,71.48,62.36,9.11,20555,3004,9401,32960
115.2,71.48,62.37,9.11,20556,3003,9401,32960
115.3,71.48,62.45,9.02,20585,2974,9401,32960
115.5,71.48,62.46,9.02,20587,2972,9401,32960
115.6,71.48,62.47,9.01,20589,2970,9401,32960
115.8,71.48,62.47,9.00,20591,2968,9401,32960
116.0,71.48,62.47,9.00,20591,2968,9401,32960
116.1,71.48,62.48,9.00,20593,2966,9401,32960
116.3,71.48,62.47,9.01,20589,2970,9401,32960
116.4,71.51,62.51,9.00,20603,2968,9389,32960
116.6,71.58,62.58,9.00,20626,2968,9366,32960
116.8,71.60,62.60,9.01,20632,2969,9359,32960
116.9,71.60,62.61,9.00,20636,2965,9359,32960
117.1,71.60,62.60,9.00,20634,2967,9359,32960
117.2,71.69,62.69,9.01,20661,2969,9330,32960
117.4,71.78,62.77,9.01,20690,2969,9301,32960
117.5,71.78,62.76,9.02,20686,2973,9301,32960
117.7,71.78,62.75,9.03,20683,2976,9301,32960
117.9,71.78,62.77,9.01,20688,2971,9301,32960
118.0,71.92,62.88,9.04,20726,2979,9255,32960
118.2,72.01,62.95,9.06,20748,2987,9225,32960
118.4,72.02,62.98,9.04,20759,2979,9222,32960
118.5,72.02,62.98,9.04,20759,2979,9222,32960
118.7,72.02,63.00,9.02,20766,2972,9222,32960
118.8,72.13,63.09,9.04,20795,2979,9186,32960
119.0,72.28,63.22,9.07,20836,2989,9135,32960
119.2,72.38,63.30,9.08,20863,2993,9104,32960
119.3,72.38,63.33,9.05,20872,2984,9104,32960
119.5,72.38,63.32,9.06,20870,2986,9104,32960
119.7,72.38,63.30,9.08,20864,2992,9104,32960
119.8,72.42,63.33,9.09,20872,2997,9091,32960
120.0,72.42,63.32,9.10,20870,2999,9091,32960
120.2,72.45,63.34,9.10,20877,3001,9082,32960
120.3,72.45,63.33,9.11,20874,3004,9082,32960
120.5,72.53,63.38,9.15,20890,3015,9055,32960
120.7,72.56,63.41,9.15,20900,3017,9043,32960
120.8,72.57,63.44,9.13,20909,3009,9042,32960
121.0,72.59,63.46,9.14,20915,3011,9034,32960
121.2,72.64,63.50,9.14,20929,3012,9019,32960
121.3,72.75,63.59,9.16,20960,3018,8982,32960
121.5,72.85,63.70,9.16,20994,3018,8948,32960
121.7,73.01,63.86,9.16,21047,3018,8895,32960
121.8,73.02,63.83,9.18,21040,3026,8894,32960
122.0,73.02,63.82,9.19,21036,3030,8894,32960
122.1,73.17,63.95,9.21,21079,3037,8844,32960
122.2,73.38,64.15,9.22,21145,3040,8775,32960
122.4,73.49,64.25,9.23,21178,3043,8739,32960
122.5,73.52,64.30,9.22,21194,3038,8728,32960
122.7,73.54,64.33,9.21,21204,3034,8722,32960
122.9,73.59,64.39,9.20,21224,3031,8705,32960
123.1,73.59,64.40,9.19,21226,3029,8705,32960
123.2,73.63,64.44,9.19,21239,3028,8693,32960
123.4,73.67,64.48,9.19,21252,3030,8678,32960
123.6,73.76,64.53,9.23,21269,3041,8650,32960
123.8,73.77,64.54,9.24,21272,3044,8644,32960
123.9,74.00,64.75,9.25,21343,3049,8568,32960
124.1,74.19,64.92,9.27,21399,3054,8507,32960
124.3,74.19,64.91,9.28,21394,3059,8507,32960
124.4,74.23,64.95,9.28,21407,3059,8494,32960
124.6,74.61,65.32,9.29,21528,3062,8370,32960
124.8,75.44,66.12,9.31,21794,3070,8096,32960
125.0,75.44,66.06,9.38,21772,3092,8096,32960
125.1,75.47,66.08,9.39,21781,3095,8084,32960
125.3,75.65,66.31,9.34,21857,3077,8026,32960
125.5,75.92,66.58,9.34,21944,3078,7938,32960
125.7,76.39,67.05,9.34,22100,3079,7781,32960
125.9,76.44,67.08,9.36,22109,3084,7767,32960
126.1,77.07,67.68,9.39,22308,3095,7557,32960
126.3,77.79,68.37,9.42,22534,3104,7322,32960
126.5,78.29,68.84,9.45,22691,3114,7155,32960
126.7,78.32,68.86,9.45,22697,3116,7147,32960
126.9,78.33,68.87,9.46,22700,3118,7142,32960
127.0,78.68,69.18,9.50,22802,3130,7028,32960
127.2,79.02,69.50,9.52,22907,3139,6914,32960
127.4,79.15,69.62,9.53,22947,3140,6873,32960
127.6,80.05,70.45,9.60,23221,3163,6576,32960
127.8,82.09,72.43,9.66,23874,3183,5903,32960
128.0,84.47,74.79,9.68,24652,3189,5119,32960
128.3,86.20,76.42,9.77,25189,3221,4550,32960
128.5,88.33,78.48,9.85,25867,3245,3848,32960
128.7,89.61,79.73,9.87,26280,3254,3426,32960
128.9,91.58,81.63,9.95,26906,3279,2775,32960
129.2,92.06,82.11,9.95,27065,3279,2616,32960
129.3,92.15,82.16,9.98,27081,3291,2588,32960
129.5,92.16,82.18,9.98,27085,3290,2585,32960
129.7,92.16,82.20,9.96,27093,3282,2585,32960
130.0,92.17,82.23,9.94,27103,3275,2582,32960
130.2,92.19,82.28,9.92,27118,3268,2574,32960
130.4,92.56,82.61,9.95,27228,3280,2452,32960
130.6,93.13,83.17,9.97,27412,3285,2263,32960
130.8,93.14,83.17,9.97,27414,3286,2260,32960
131.0,93.25,83.32,9.93,27462,3274,2224,32960
131.2,93.33,83.35,9.98,27473,3290,2197,32960
131.4,93.35,83.37,9.98,27478,3290,2192,32960
131.6,93.91,83.93,9.98,27663,3289,2008,32960
131.8,93.92,83.95,9.97,27670,3285,2005,32960
132.0,93.92,83.94,9.97,27668,3287,2005,32960
132.3,93.92,83.96,9.96,27672,3283,2005,32960
132.5,93.92,84.02,9.90,27692,3264,2004,32960
132.7,93.92,84.01,9.91,27689,3267,2004,32960
132.9,93.92,84.03,9.89,27695,3261,2004,32960
133.1,93.92,84.00,9.92,27688,3268,2004,32960
133.3,93.92,83.99,9.93,27683,3273,2004,32960
133.6,93.92,84.00,9.92,27686,3270,2004,32960
133.8,93.92,83.98,9.94,27679,3277,2004,32960
134.0,93.92,83.97,9.95,27678,3278,2004,32960
134.2,93.92,83.99,9.93,27684,3272,2004,32960
134.4,93.92,84.01,9.91,27690,3266,2004,32960
134.6,93.92,84.00,9.92,27687,3269,2004,32960
134.8,94.07,83.99,10.08,27684,3323,1953,32960
135.0,94.07,84.00,10.07,27687,3320,1953,32960
135.2,94.07,83.99,10.08,27684,3323,1953,32960
135.4,94.21,84.06,10.15,27706,3346,1908,32960
135.6,94.64,84.40,10.24,27817,3375,1768,32960
135.8,94.76,84.38,10.38,27812,3420,1728,32960
136.0,94.85,84.32,10.53,27792,3472,1696,32960
136.2,94.86,84.27,10.59,27775,3490,1695,32960
136.4,94.88,84.28,10.60,27778,3493,1689,32960
136.6,94.88,84.27,10.60,27776,3495,1689,32960
136.8,94.88,84.26,10.62,27772,3501,1687,32960
137.0,94.88,84.26,10.62,27772,3501,1687,32960
137.2,94.88,84.26,10.62,27771,3502,1687,32960
137.4,94.88,84.25,10.63,27768,3505,1687,32960
137.6,94.93,84.24,10.68,27767,3521,1672,32960
137.8,94.93,84.24,10.69,27766,3522,1672,32960
138.0,95.16,84.41,10.75,27820,3544,1596,32960
138.2,95.16,84.41,10.74,27823,3541,1596,32960
138.4,95.16,84.41,10.76,27820,3546,1594,32960
138.6,95.16,84.39,10.78,27814,3552,1594,32960
138.8,95.16,84.41,10.76,27821,3545,1594,32960
139.0,95.16,84.42,10.74,27825,3541,1594,32960
139.2,95.16,84.44,10.73,27830,3536,1594,32960
139.4,95.16,84.43,10.73,27828,3538,1594,32960
139.6,95.18,84.44,10.73,27832,3538,1590,32960
139.7,95.18,84.45,10.73,27835,3535,1590,32960
139.9,95.18,84.46,10.72,27838,3532,1590,32960
140.1,95.18,84.46,10.72,27838,3532,1590,32960
140.3,95.18,84.47,10.70,27842,3528,1590,32960
140.5,95.18,84.49,10.69,27848,3522,1590,32960
140.7,95.18,84.48,10.70,27844,3526,1590,32960
140.9,95.18,84.44,10.73,27833,3537,1590,32960
